{
  "test_loss": 0.5098414486943029,
  "mse": 3.649399150162935e-05,
  "rmse": 0.006041025699467711,
  "mae": 0.004133125301450491,
  "r2": 0.14880704879760742
}