{
  "test_loss": 0.5376506008989903,
  "mse": 3.635245229816064e-05,
  "rmse": 0.006029299486520855,
  "mae": 0.00415439810603857,
  "r2": 0.15210825204849243
}