{
  "test_loss": 0.20102298568460822,
  "mse": 3.6118206480750814e-05,
  "rmse": 0.006009842467215826,
  "mae": 0.004196491092443466,
  "r2": 0.1575719118118286
}