{
  "test_loss": 0.18445809531277715,
  "mse": 3.619215203798376e-05,
  "rmse": 0.0060159913595336685,
  "mae": 0.004142795689404011,
  "r2": 0.1558471918106079
}