Loss_Function,Description,Avg_Profit,Fill_Rate,Win_Rate
MSE,Mean Squared Error,-0.9999999976996258,0.7407975354890942,0.0
MAE,Mean Absolute Error,-0.9999999977156944,0.746008548943732,0.0
Huber,Huber Loss,-0.9999999977373847,0.7532504511180179,0.0
Simple_Profit,Simple Profit Max,-0.9999999977373847,0.7532504511180179,0.0
Trading_Loss,Trading Strategy Loss,-0.9999999979567663,0.6631983752890243,0.0
Asymmetric,Asymmetric Loss,-0.9999999981479643,0.7317751751298465,0.0
