{
  "test_loss": 0.20130095610302456,
  "mse": 3.7016150599811226e-05,
  "rmse": 0.0060840899565844046,
  "mae": 0.004319712053984404,
  "r2": 0.13662809133529663
}