{
  "test_loss": 3.0828517523095096,
  "mse": 4.3097144953208044e-05,
  "rmse": 0.006564841578683224,
  "mae": 0.004336689133197069,
  "r2": -0.0052062273025512695
}