{
  "test_loss": 0.5444983456345552,
  "mse": 3.674400068121031e-05,
  "rmse": 0.006061682990821139,
  "mae": 0.0042247045785188675,
  "r2": 0.14274495840072632
}