{
  "test_loss": 0.6712372568101515,
  "mse": 3.6340152291813865e-05,
  "rmse": 0.006028279380703408,
  "mae": 0.004226603079587221,
  "r2": 0.15239518880844116
}